[
  {
    "id": "11473f56-0d01-4ac1-a7bd-44a5442e4cb1",
    "data": [
      {
        "text": "Cat facts",
        "userDefined": false
      }
    ],
    "isTemplate": false,
    "count": 0,
    "updated": 0
  },
  {
    "id": "3a61adf5-53a8-4d21-8583-06ef3da18c31",
    "data": [
      {
        "text": "Cats",
        "userDefined": false
      }
    ],
    "isTemplate": false,
    "count": 0,
    "updated": 0
  },
  {
    "id": "26435bd3-b10e-4275-bc0b-d00ea123db3b",
    "data": [
      {
        "text": "I want to hear about cats",
        "userDefined": false
      }
    ],
    "isTemplate": false,
    "count": 0,
    "updated": 0
  },
  {
    "id": "a3a14154-8c78-4ff8-be93-68388361db39",
    "data": [
      {
        "text": "Tell me about cats",
        "userDefined": false
      }
    ],
    "isTemplate": false,
    "count": 0,
    "updated": 0
  }
]