[
  {
    "id": "a2b6e5ff-e4f0-4dd8-b1dd-3fa916ec202d",
    "data": [
      {
        "text": "The ",
        "userDefined": false
      },
      {
        "text": "history of Google",
        "alias": "category",
        "meta": "@fact-category",
        "userDefined": true
      }
    ],
    "isTemplate": false,
    "count": 0,
    "updated": 0
  },
  {
    "id": "51fdf9bd-1f59-45a1-bc0e-6d3aa4532150",
    "data": [
      {
        "text": "Google\u0027s history",
        "alias": "category",
        "meta": "@fact-category",
        "userDefined": true
      }
    ],
    "isTemplate": false,
    "count": 0,
    "updated": 0
  },
  {
    "id": "3ac6f25f-b51c-49f3-85fa-86be683c1108",
    "data": [
      {
        "text": "Tell me about Google",
        "userDefined": false
      }
    ],
    "isTemplate": false,
    "count": 0,
    "updated": 0
  },
  {
    "id": "0abcdaf0-1fbd-4a5a-a151-3aaa15fd98c5",
    "data": [
      {
        "text": "I want to hear about Google",
        "userDefined": false
      }
    ],
    "isTemplate": false,
    "count": 0,
    "updated": 0
  },
  {
    "id": "b337e0cd-f630-4afb-b300-b98526c3eacb",
    "data": [
      {
        "text": "Let\u0027s hear about ",
        "userDefined": false
      },
      {
        "text": "Google\u0027s headquarters",
        "alias": "category",
        "meta": "@fact-category",
        "userDefined": true
      }
    ],
    "isTemplate": false,
    "count": 0,
    "updated": 0
  },
  {
    "id": "bc78a30e-d484-47bb-8fa6-ee3bfc360e1c",
    "data": [
      {
        "text": "Tell me about the ",
        "userDefined": false
      },
      {
        "text": "headquarters",
        "alias": "category",
        "meta": "@fact-category",
        "userDefined": true
      }
    ],
    "isTemplate": false,
    "count": 0,
    "updated": 0
  },
  {
    "id": "6179f899-9616-4ef2-b311-2b32b40cce5a",
    "data": [
      {
        "text": "Headquarters",
        "alias": "category",
        "meta": "@fact-category",
        "userDefined": false
      }
    ],
    "isTemplate": false,
    "count": 0,
    "updated": 0
  },
  {
    "id": "f387290f-7bce-4837-a5d3-1ebe84cc77dd",
    "data": [
      {
        "text": "History",
        "alias": "category",
        "meta": "@fact-category",
        "userDefined": true
      }
    ],
    "isTemplate": false,
    "count": 0,
    "updated": 0
  },
  {
    "id": "2be02d94-ae7f-4834-b718-bf4b6212ba2d",
    "data": [
      {
        "text": "I want to hear about the ",
        "userDefined": false
      },
      {
        "text": "history",
        "alias": "category",
        "meta": "@fact-category",
        "userDefined": true
      }
    ],
    "isTemplate": false,
    "count": 0,
    "updated": 0
  },
  {
    "id": "4f1af58c-2e68-4aaf-b318-053a210c3415",
    "data": [
      {
        "text": "I want to hear about ",
        "userDefined": false
      },
      {
        "text": "Google\u0027s history",
        "alias": "category",
        "meta": "@fact-category",
        "userDefined": true
      }
    ],
    "isTemplate": false,
    "count": 0,
    "updated": 0
  }
]