[
  {
    "id": "51de5375-4acd-486f-a613-7d78795ec58a",
    "data": [
      {
        "text": "I\u0027m done now",
        "userDefined": false
      }
    ],
    "isTemplate": false,
    "count": 0,
    "updated": 0
  },
  {
    "id": "1e5bf641-5d0d-48d3-93f2-4bbfa3fb4594",
    "data": [
      {
        "text": "Bye",
        "userDefined": false
      }
    ],
    "isTemplate": false,
    "count": 0,
    "updated": 0
  },
  {
    "id": "3cad475a-2c0f-4de0-a0c5-568935681278",
    "data": [
      {
        "text": "No",
        "userDefined": false
      }
    ],
    "isTemplate": false,
    "count": 0,
    "updated": 0
  },
  {
    "id": "9b78f0b9-bae0-443e-ad01-9714e958ce5b",
    "data": [
      {
        "text": "I don\u0027t want to hear any more",
        "userDefined": false
      }
    ],
    "isTemplate": false,
    "count": 0,
    "updated": 0
  },
  {
    "id": "13f973a8-7eb5-4b85-835a-ebbe0c5822fb",
    "data": [
      {
        "text": "Nevermind",
        "userDefined": false
      }
    ],
    "isTemplate": false,
    "count": 0,
    "updated": 0
  },
  {
    "id": "5b9640d7-cb69-4b66-af58-250ce0421192",
    "data": [
      {
        "text": "Quit",
        "userDefined": false
      }
    ],
    "isTemplate": false,
    "count": 0,
    "updated": 0
  },
  {
    "id": "7723b69a-4cfd-475f-b946-d9456a9d9143",
    "data": [
      {
        "text": "Thanks",
        "userDefined": false
      }
    ],
    "isTemplate": false,
    "count": 0,
    "updated": 0
  }
]